{
    "CompileStatus": "Successful",
    "CompileStrategy": "fullobj",
    "MlibObjs": {},
    "stat": {
        "quadSpeed": 49430.608509400394,
        "ru_self_cgstart": {
            "ru_nivcsw": 3844,
            "ru_utime_sec": 15.096704000000001,
            "ru_nvcsw": 1808,
            "ru_stime_sec": 0.80387699999999995,
            "ru_majflt": 852,
            "ru_maxrss_kb": 172852,
            "ru_minflt": 81821
        },
        "ru_childs_cgstart": {
            "ru_nivcsw": 327,
            "ru_utime_sec": 0.70989199999999997,
            "ru_nvcsw": 299,
            "ru_stime_sec": 0.24796199999999999,
            "ru_majflt": 248,
            "ru_maxrss_kb": 99612,
            "ru_minflt": 21538
        },
        "mop/quad": 3.1380926650478167,
        "nMops": 482033,
        "Frontend(%)": 82.929639657415919,
        "mopSpeed": 155117.82999219958,
        "nQuads": 153607,
        "CodeGen(%)": 17.070360342584078,
        "totalObjSize": 1538506,
        "ru_self_end": {
            "ru_nivcsw": 4248,
            "ru_utime_sec": 18.204232000000001,
            "ru_nvcsw": 1890,
            "ru_stime_sec": 0.88986399999999999,
            "ru_majflt": 922,
            "ru_maxrss_kb": 176588,
            "ru_minflt": 97722
        },
        "ru_childs_end": {
            "ru_nivcsw": 328,
            "ru_utime_sec": 0.71289100000000005,
            "ru_nvcsw": 305,
            "ru_stime_sec": 0.25696000000000002,
            "ru_majflt": 253,
            "ru_maxrss_kb": 121328,
            "ru_minflt": 22085
        },
        "outputSizePerQuad": 10.0
    },
    "LVLData": [
        "SIM"
    ],
    "PrevCompiledModules": {
        "umem": {
            "bibN3_d": {
                "bytes": 29791,
                "mod": "umem",
                "mode": 4,
                "checksum": 0,
                "archive": "archive.9/_prev_archive_1.a",
                "out": "bibN3_d.o"
            }
        },
        "instruction_parser": {
            "Cepf6_d": {
                "bytes": 30875,
                "mod": "instruction_parser",
                "mode": 4,
                "checksum": 0,
                "archive": "archive.9/_prev_archive_1.a",
                "out": "Cepf6_d.o"
            }
        },
        "uvm_pkg": {
            "zr7M1_d": {
                "bytes": 6749153,
                "mod": "uvm_pkg",
                "mode": 4,
                "checksum": 0,
                "archive": "archive.9/_prev_archive_1.a",
                "out": "zr7M1_d.o"
            }
        },
        "simprisc_uvm_includes": {
            "uVImW_d": {
                "bytes": 490214,
                "mod": "simprisc_uvm_includes",
                "out": "uVImW_d.o",
                "mode": 4,
                "checksum": 0,
                "archive": "archive.9/_prev_archive_1.a"
            }
        },
        "vcs_paramclassrepository": {
            "hEeZs_d": {
                "bytes": 6260001,
                "mod": "vcs_paramclassrepository",
                "mode": 4,
                "checksum": 0,
                "archive": "archive.9/_prev_archive_1.a",
                "out": "hEeZs_d.o"
            }
        },
        "uvm_custom_install_verdi_recording": {
            "EbjT3_d": {
                "bytes": 186441,
                "mod": "uvm_custom_install_verdi_recording",
                "mode": 4,
                "checksum": 0,
                "archive": "archive.9/_prev_archive_1.a",
                "out": "EbjT3_d.o"
            }
        },
        "aximem": {
            "rqyFU_d": {
                "bytes": 7653,
                "mod": "aximem",
                "mode": 4,
                "checksum": 0,
                "archive": "archive.9/_prev_archive_1.a",
                "out": "rqyFU_d.o"
            }
        },
        "riscv_instruction_properties": {
            "YkSmf_d": {
                "bytes": 13853,
                "mod": "riscv_instruction_properties",
                "mode": 4,
                "checksum": 0,
                "archive": "archive.9/_prev_archive_1.a",
                "out": "YkSmf_d.o"
            }
        },
        "uvm_custom_install_recording": {
            "nhiwz_d": {
                "bytes": 26620,
                "mod": "uvm_custom_install_recording",
                "mode": 4,
                "checksum": 0,
                "archive": "archive.9/_prev_archive_1.a",
                "out": "nhiwz_d.o"
            }
        },
        "...MASTER...": {
            "amcQw_d": {
                "bytes": 9254,
                "mod": "...MASTER...",
                "mode": 4,
                "checksum": 0,
                "out": "objs/amcQw_d.o"
            }
        },
        "sindrv_0000": {
            "mjxYt_d": {
                "bytes": 31616,
                "mod": "sindrv_0000",
                "mode": 4,
                "checksum": 0,
                "archive": "archive.9/_prev_archive_1.a",
                "out": "mjxYt_d.o"
            }
        },
        "cpu": {
            "D7Gce_d": {
                "bytes": 106402,
                "mod": "cpu",
                "mode": 4,
                "checksum": 0,
                "archive": "archive.9/_34485_archive_1.a",
                "out": "D7Gce_d.o"
            }
        },
        "mdriver_int": {
            "eizcd_d": {
                "bytes": 16228,
                "mod": "mdriver_int",
                "mode": 4,
                "checksum": 0,
                "archive": "archive.9/_prev_archive_1.a",
                "out": "eizcd_d.o"
            }
        },
        "std": {
            "reYIK_d": {
                "bytes": 42597,
                "mod": "std",
                "mode": 4,
                "checksum": 0,
                "archive": "archive.9/_prev_archive_1.a",
                "out": "reYIK_d.o"
            }
        },
        "master_wrapper": {
            "T8z4i_d": {
                "bytes": 36182,
                "mod": "master_wrapper",
                "mode": 4,
                "checksum": 0,
                "archive": "archive.9/_prev_archive_1.a",
                "out": "T8z4i_d.o"
            }
        },
        "tb": {
            "g7hgQ_d": {
                "bytes": 19485,
                "mod": "tb",
                "out": "g7hgQ_d.o",
                "mode": 4,
                "checksum": 0,
                "archive": "archive.9/_34485_archive_1.a"
            }
        },
        "memslave": {
            "xL5KA_d": {
                "bytes": 25078,
                "mod": "memslave",
                "mode": 4,
                "checksum": 0,
                "archive": "archive.9/_prev_archive_1.a",
                "out": "xL5KA_d.o"
            }
        },
        "masterif": {
            "g4MBa_d": {
                "bytes": 18484,
                "mod": "masterif",
                "mode": 4,
                "checksum": 0,
                "archive": "archive.9/_prev_archive_1.a",
                "out": "g4MBa_d.o"
            }
        },
        "_vcs_msglog": {
            "zQBzV_d": {
                "bytes": 10285,
                "mod": "_vcs_msglog",
                "mode": 4,
                "checksum": 0,
                "archive": "archive.9/_prev_archive_1.a",
                "out": "zQBzV_d.o"
            }
        },
        "axilite_int": {
            "iC1Ix_d": {
                "bytes": 10614,
                "mod": "axilite_int",
                "mode": 4,
                "checksum": 0,
                "archive": "archive.9/_prev_archive_1.a",
                "out": "iC1Ix_d.o"
            }
        },
        "_vcs_DPI_package": {
            "uM9F1_d": {
                "bytes": 18581,
                "mod": "_vcs_DPI_package",
                "mode": 4,
                "checksum": 0,
                "archive": "archive.9/_prev_archive_1.a",
                "out": "uM9F1_d.o"
            }
        },