{
    "CompileStatus": "Successful",
    "MlibObjs": {},
    "stat": {
        "ru_self_cgstart": {
            "ru_nvcsw": 1860,
            "ru_utime_sec": 14.208838999999999,
            "ru_stime_sec": 0.87686600000000003,
            "ru_minflt": 81652,
            "ru_maxrss_kb": 158344,
            "ru_nivcsw": 4001,
            "ru_majflt": 741
        },
        "ru_childs_cgstart": {
            "ru_nvcsw": 687,
            "ru_utime_sec": 0.71389100000000005,
            "ru_stime_sec": 0.27595799999999998,
            "ru_minflt": 16702,
            "ru_maxrss_kb": 98904,
            "ru_nivcsw": 247,
            "ru_majflt": 554
        },
        "mop/quad": 3.151769958921236,
        "quadSpeed": 57188.020401793088,
        "ru_self_end": {
            "ru_nvcsw": 1948,
            "ru_utime_sec": 16.656466999999999,
            "ru_stime_sec": 0.95185500000000001,
            "ru_minflt": 96720,
            "ru_maxrss_kb": 160768,
            "ru_nivcsw": 4383,
            "ru_majflt": 802
        },
        "nMops": 441169,
        "nQuads": 139975,
        "totalObjSize": 375753,
        "mopSpeed": 180243.4847125462,
        "ru_childs_end": {
            "ru_nvcsw": 697,
            "ru_utime_sec": 0.71589100000000006,
            "ru_stime_sec": 0.28395599999999999,
            "ru_minflt": 17247,
            "ru_maxrss_kb": 120432,
            "ru_nivcsw": 249,
            "ru_majflt": 560
        },
        "outputSizePerQuad": 2.0,
        "Frontend(%)": 85.305239100224568,
        "CodeGen(%)": 14.694760899775446
    },
    "CompileProcesses": [
        "cgproc.50259.json"
    ],
    "LVLData": [
        "SIM"
    ],
    "CurCompileUdps": {},
    "PrevCompiledModules": {
        "umem": {
            "bibN3_d": {
                "mod": "umem",
                "bytes": 29791,
                "mode": 4,
                "checksum": 0,
                "archive": "archive.50/_prev_archive_1.a",
                "out": "bibN3_d.o"
            }
        },
        "cpu": {
            "D7Gce_d": {
                "mod": "cpu",
                "bytes": 106162,
                "mode": 4,
                "checksum": 0,
                "archive": "archive.50/_prev_archive_1.a",
                "out": "D7Gce_d.o"
            }
        },
        "vcs_paramclassrepository": {
            "hEeZs_d": {
                "mod": "vcs_paramclassrepository",
                "bytes": 6217172,
                "out": "hEeZs_d.o",
                "mode": 4,
                "checksum": 0,
                "archive": "archive.50/_prev_archive_1.a"
            }
        },
        "master_wrapper": {
            "T8z4i_d": {
                "mod": "master_wrapper",
                "bytes": 36182,
                "mode": 4,
                "checksum": 0,
                "archive": "archive.50/_prev_archive_1.a",
                "out": "T8z4i_d.o"
            }
        },
        "uvm_custom_install_recording": {
            "nhiwz_d": {
                "mod": "uvm_custom_install_recording",
                "bytes": 26620,
                "mode": 4,
                "checksum": 0,
                "archive": "archive.50/_prev_archive_1.a",
                "out": "nhiwz_d.o"
            }
        },
        "_vcs_DPI_package": {
            "uM9F1_d": {
                "mod": "_vcs_DPI_package",
                "bytes": 18581,
                "mode": 4,
                "checksum": 0,
                "archive": "archive.50/_prev_archive_1.a",
                "out": "uM9F1_d.o"
            }
        },
        "uvm_pkg": {
            "zr7M1_d": {
                "mod": "uvm_pkg",
                "bytes": 6746857,
                "mode": 4,
                "checksum": 0,
                "archive": "archive.50/_prev_archive_1.a",
                "out": "zr7M1_d.o"
            }
        },
        "simprisc_uvm_includes": {
            "uVImW_d": {
                "mod": "simprisc_uvm_includes",
                "bytes": 412683,
                "out": "uVImW_d.o",
                "mode": 4,
                "checksum": 0,
                "archive": "archive.50/_prev_archive_1.a"
            }
        },
        "masterif": {
            "g4MBa_d": {
                "mod": "masterif",
                "bytes": 18484,
                "mode": 4,
                "checksum": 0,
                "archive": "archive.50/_prev_archive_1.a",
                "out": "g4MBa_d.o"
            }
        },
        "uvm_custom_install_verdi_recording": {
            "EbjT3_d": {
                "mod": "uvm_custom_install_verdi_recording",
                "bytes": 186441,
                "mode": 4,
                "checksum": 0,
                "archive": "archive.50/_prev_archive_1.a",
                "out": "EbjT3_d.o"
            }
        },
        "instruction_parser": {
            "Cepf6_d": {
                "mod": "instruction_parser",
                "bytes": 30875,
                "mode": 4,
                "checksum": 0,
                "archive": "archive.50/_prev_archive_1.a",
                "out": "Cepf6_d.o"
            }
        },
        "_vcs_msglog": {
            "zQBzV_d": {
                "mod": "_vcs_msglog",
                "bytes": 10285,
                "mode": 4,
                "checksum": 0,
                "archive": "archive.50/_prev_archive_1.a",
                "out": "zQBzV_d.o"
            }
        },
        "aximem": {
            "rqyFU_d": {
                "mod": "aximem",
                "bytes": 7653,
                "mode": 4,
                "checksum": 0,
                "archive": "archive.50/_prev_archive_1.a",
                "out": "rqyFU_d.o"
            }
        },
        "tb": {
            "g7hgQ_d": {
                "mod": "tb",
                "bytes": 17184,
                "mode": 4,
                "checksum": 0,
                "archive": "archive.50/_prev_archive_1.a",
                "out": "g7hgQ_d.o"
            }
        },
        "sindrv_0000": {
            "mjxYt_d": {
                "mod": "sindrv_0000",
                "bytes": 31616,
                "mode": 4,
                "checksum": 0,
                "archive": "archive.50/_prev_archive_1.a",
                "out": "mjxYt_d.o"
            }
        },
        "riscv_instruction_properties": {
            "YkSmf_d": {
                "mod": "riscv_instruction_properties",
                "bytes": 13853,
                "out": "YkSmf_d.o",
                "mode": 4,
                "checksum": 0,
                "archive": "archive.50/_prev_archive_1.a"
            }
        },
        "mdriver_int": {
            "eizcd_d": {
                "mod": "mdriver_int",
                "bytes": 16228,
                "mode": 4,
                "checksum": 0,
                "archive": "archive.50/_prev_archive_1.a",
                "out": "eizcd_d.o"
            }
        },
        "std": {
            "reYIK_d": {
                "mod": "std",
                "bytes": 42597,
                "mode": 4,
                "checksum": 0,
                "archive": "archive.50/_prev_archive_1.a",
                "out": "reYIK_d.o"
            }
        },
        "memslave": {
            "xL5KA_d": {
                "mod": "memslave",
                "bytes": 25078,
                "mode": 4,
                "checksum": 0,
                "archive": "archive.50/_prev_archive_1.a",
                "out": "xL5KA_d.o"
            }
        },
        "_vcs_unit__1530967649": {
            "NErGV_d": {
                "mod": "_vcs_unit__1530967649",
                "bytes": 1032823,
                "out": "NErGV_d.o",
                "mode": 4,
                "checksum": 0,
                "archive": "archive.50/_prev_archive_1.a"
            }
        },
        "axilite_int": {
            "iC1Ix_d": {
                "mod": "axilite_int",
                "bytes": 10614,
                "mode": 4,
                "checksum": 0,